<?xml version="1.0" encoding="UTF-8"?>
<project-private xmlns="http://www.netbeans.org/ns/project-private/1">
    <editor-bookmarks xmlns="http://www.netbeans.org/ns/editor-bookmarks/2" lastBookmarkId="0"/>
    <open-files xmlns="http://www.netbeans.org/ns/projectui-open-files/2">
        <group>
            <file>file:/C:/Users/Jahid/OneDrive/Documents/NetBeansProjects/Retail%20Store%20Management/src/dba/tables.java</file>
            <file>file:/C:/Users/Jahid/OneDrive/Documents/NetBeansProjects/Retail%20Store%20Management/src/Login.java</file>
            <file>file:/C:/Users/Jahid/OneDrive/Documents/NetBeansProjects/Retail%20Store%20Management/src/ManageCategory.java</file>
            <file>file:/C:/Users/Jahid/OneDrive/Documents/NetBeansProjects/Retail%20Store%20Management/src/Home.java</file>
            <file>file:/C:/Users/Jahid/OneDrive/Documents/NetBeansProjects/Retail%20Store%20Management/src/ManageUser.java</file>
            <file>file:/C:/Users/Jahid/OneDrive/Documents/NetBeansProjects/Retail%20Store%20Management/src/dba/ConnectionProvider.java</file>
            <file>file:/C:/Users/Jahid/OneDrive/Documents/NetBeansProjects/Retail%20Store%20Management/src/ManageProduct.java</file>
        </group>
    </open-files>
</project-private>
